week,league,position,me,opponent,p_me_outperforms,confidence,favored,prediction_unit,headline_pick,source
1,league_2,C,Nathan MacKinnon,Macklin Celebrini,0.5539999999999999,0.5539999999999999,me,per_game,,reconstructed from week01_matchup_calls.ipynb output (rounded to 0.1%)
1,league_2,C,Sebastian Aho,Brady Tkachuk,0.414,0.5860000000000001,opponent,per_game,,reconstructed from week01_matchup_calls.ipynb output (rounded to 0.1%)
1,league_2,LW,Filip Forsberg,Dylan Guenther,0.529,0.529,me,per_game,,reconstructed from week01_matchup_calls.ipynb output (rounded to 0.1%)
1,league_2,LW,Tim Stutzle,Will Smith,0.6409999999999999,0.6409999999999999,me,per_game,1,reconstructed from week01_matchup_calls.ipynb output (rounded to 0.1%)
1,league_2,RW,Matt Boldy,Martin Necas,0.502,0.502,me,per_game,,reconstructed from week01_matchup_calls.ipynb output (rounded to 0.1%)
1,league_2,RW,Drake Batherson,Adrian Kempe,0.488,0.512,opponent,per_game,,reconstructed from week01_matchup_calls.ipynb output (rounded to 0.1%)
1,league_2,D,Jakob Chychrun,Erik Karlsson,0.5539999999999999,0.5539999999999999,me,per_game,,reconstructed from week01_matchup_calls.ipynb output (rounded to 0.1%)
1,league_2,D,Jackson LaCombe,Filip Hronek,0.526,0.526,me,per_game,,reconstructed from week01_matchup_calls.ipynb output (rounded to 0.1%)
1,league_2,D,Mattias Samuelsson,Mike Matheson,0.578,0.578,me,per_game,,reconstructed from week01_matchup_calls.ipynb output (rounded to 0.1%)
1,league_2,D,"Charlie McAvoy (suspended, first 6 games)",None (opponent short a D),,,none,per_game,,reconstructed from week01_matchup_calls.ipynb output (rounded to 0.1%)
1,league_2,UTIL,Nico Hischier,Adam Fantilli,0.501,0.501,me,per_game,,reconstructed from week01_matchup_calls.ipynb output (rounded to 0.1%)
1,league_2,UTIL,Juraj Slafkovsky,Ivan Demidov,0.63,0.63,me,per_game,,reconstructed from week01_matchup_calls.ipynb output (rounded to 0.1%)
1,league_2,G,Jake Oettinger,Ilya Sorokin,0.508,0.508,me,per_game,,reconstructed from week01_matchup_calls.ipynb output (rounded to 0.1%)
1,league_2,G,Mackenzie Blackwood,Carter Hart,0.546,0.546,me,per_game,,reconstructed from week01_matchup_calls.ipynb output (rounded to 0.1%)
1,league_3,C,Connor McDavid,Brady Tkachuk,0.631,0.631,me,per_game,2,reconstructed from week01_matchup_calls.ipynb output (rounded to 0.1%)
1,league_3,C,Auston Matthews,Mark Scheifele,0.44799999999999995,0.552,opponent,per_game,,reconstructed from week01_matchup_calls.ipynb output (rounded to 0.1%)
1,league_3,C,Tim Stutzle,Adam Fantilli,0.616,0.616,me,per_game,,reconstructed from week01_matchup_calls.ipynb output (rounded to 0.1%)
1,league_3,LW,Kyle Connor,Kirill Kaprizov,0.45799999999999996,0.542,opponent,per_game,,reconstructed from week01_matchup_calls.ipynb output (rounded to 0.1%)
1,league_3,LW,Clayton Keller,Brandon Hagel,0.511,0.511,me,per_game,,reconstructed from week01_matchup_calls.ipynb output (rounded to 0.1%)
1,league_3,LW,J.T. Miller,Timo Meier,0.5710000000000001,0.5710000000000001,me,per_game,,reconstructed from week01_matchup_calls.ipynb output (rounded to 0.1%)
1,league_3,RW,Martin Necas,Kirill Marchenko,0.5760000000000001,0.5760000000000001,me,per_game,,reconstructed from week01_matchup_calls.ipynb output (rounded to 0.1%)
1,league_3,RW,Sam Reinhart,Alexis Lafreniere,0.615,0.615,me,per_game,,reconstructed from week01_matchup_calls.ipynb output (rounded to 0.1%)
1,league_3,RW,Porter Martone,Logan Stankoven,0.738,0.738,me,per_game,3,reconstructed from week01_matchup_calls.ipynb output (rounded to 0.1%)
1,league_3,F,Alex Ovechkin,Gavin McKenna,,,none,per_game,,reconstructed from week01_matchup_calls.ipynb output (rounded to 0.1%)
1,league_3,F,Tom Wilson,Sam Bennett,0.539,0.539,me,per_game,,reconstructed from week01_matchup_calls.ipynb output (rounded to 0.1%)
1,league_3,D,Jakob Chychrun,Cale Makar,0.42,0.5800000000000001,opponent,per_game,,reconstructed from week01_matchup_calls.ipynb output (rounded to 0.1%)
1,league_3,D,Mikhail Sergachev,Lane Hutson,0.47600000000000003,0.524,opponent,per_game,,reconstructed from week01_matchup_calls.ipynb output (rounded to 0.1%)
1,league_3,D,Thomas Harley,Jake Sanderson,0.39899999999999997,0.601,opponent,per_game,,reconstructed from week01_matchup_calls.ipynb output (rounded to 0.1%)
1,league_3,D,Rasmus Andersson,Brandt Clarke,0.52,0.52,me,per_game,,reconstructed from week01_matchup_calls.ipynb output (rounded to 0.1%)
1,league_3,UTIL,Brock Nelson,Nikolaj Ehlers,0.48200000000000004,0.518,opponent,per_game,,reconstructed from week01_matchup_calls.ipynb output (rounded to 0.1%)
1,league_3,G,Karel Vejmelka,Igor Shesterkin,0.529,0.529,me,per_game,,reconstructed from week01_matchup_calls.ipynb output (rounded to 0.1%)
1,league_3,G,Jakub Dobes,Jacob Markstrom,0.545,0.545,me,per_game,,reconstructed from week01_matchup_calls.ipynb output (rounded to 0.1%)
